{
  "metricas": {
    "accuracy": 0.5159516783939876,
    "auc": 0.5046414701628077,
    "precision": 0.47173587893718105,
    "recall": 0.2296375608972643,
    "f1": 0.30890327598499195
  },
  "filas_train": 925187,
  "filas_test": 198255
}